author,category,content,datetime,keywords,title,url
江孟謙,生活,瑪莉亞來襲，中央氣象局預計今天將發布海上颱風警報；新店警分局轄區幅員廣大，包含石碇、、深坑、、新店區等地，部分山地偏遠地區，每遇颱風大雨，容易發生土石坍塌或道路中斷等災害。過去颱風多次在新店及烏來山區造成嚴重災情，這回瑪莉亞強颱來襲，新店警分局不敢輕忽，積極準備各項應變計畫外，並責令石碇、坪林、烏來山區各派出所加強防颱整備並提高警覺。新店警分局表示，已要求各派出所掌握災情並隨時將災情狀況通報災害應變中心，讓災害應變中心能立即通報相關救險救難單位第一時間到場搶救，減少災害所造成的損害。新店警呼籲，颱風期間請民眾不要靠近山邊或水邊，並囤積乾糧及準備電池還有各類照明設備。居住在可能致災區域的民眾，如有預防性撤離時請聽從當地警消的指示，迅速撤離至安全的區域。   ,2018-07-09 14:05,,瑪莉亞颱風進逼 新店警嚴防山區災情,https://udn.com/news/story/7323/3242549
,生活, 強颱「瑪莉亞」路經南修，恐成「西北颱」，不排除中心登陸北台灣！中央8日指出，瑪莉亞颱風持續增強，「最快9日下半天發布海警，並提早至10日清晨發布陸警，估計中部以北都將受到暴風圈影響」，預報員蔡宜珊提醒，「瑪莉亞的路徑極似『西北颱』，恐為北台灣帶來強大降雨量，加上西北風影響，不排除會有海水倒灌、淹水情形。」強颱「瑪莉亞」來勢洶洶，直撲北台灣。氣象局副局長鄭明典在臉書發文指出，瑪莉亞颱風眼牆雲系完整，颱風眼清晰，是明確的強烈颱風特徵，且其移動速度也逐漸變快；氣象專家吳德榮則在「三立準氣象・老大洩天機」專欄中表示，「瑪莉亞」颱風呈現「雙眼牆」結構，未來將進入海洋熱含量略降的海域，但因環境垂直風切小，將維持「強颱」或微幅減弱至「中颱上限」的強度。中央氣象局預報員蔡宜珊表示，強颱瑪莉亞正以西北轉西北西的方向，朝台灣北部近海一帶移動，颱風中心可能與北台灣擦邊球，最快9日晚上發佈海上颱風警報，10日上半天發佈陸上颱風警報，11日整天颱風影響最劇，屆時北台灣首當其衝，「以目前路徑來看，瑪莉亞已類似『西北颱』，恐會為北台灣帶來大降雨量，加上西北風影響，不排除有海水倒灌、淹水情形。」至於未來5天的路徑預測，吳德榮根據中央氣象局資料分析，「瑪莉亞」將向西北西進行，10日晚至11日下午通過台灣，也不排除「瑪莉亞」登陸的可能，「尤其當『瑪莉亞』接近時，仍有強颱或中颱上限的強度，將對台灣構成極大的威脅。」「颱風來臨前將出現極端高溫。」吳德榮提醒，9日天氣晴朗炎熱、加上颱風外圍的沉降作用，北台灣可能出現「極端高溫」；山區午後則有零星短暫陣雨的機率。10日下半天起，東北部、北部轉為有陣雨的天氣。10日晚間至11日下午，「瑪莉亞」影響最鉅，預計11日晚遠離本島，天氣漸趨穩定，12至14日回到晴朗炎熱天氣，午後有局部性雷陣雨，南部、東南部偶有短暫陣雨的天氣。,2018-07-08 17:19,,瑪莉亞路徑南修 恐成強烈西北颱,https://udn.com/news/story/12338/3241288
任忠泰,生活,強颱瑪莉亞加速進逼，中央已經在下午2時30分針對北部、東北部及東南部海面發布海上警報，預計今天午夜發布陸上颱風警報，也就是說最快今晚11時30分發布陸上警報，預計在明天下半天到周三上半天明顯影響台灣，其中明天晚上到周三清晨又是影響最劇烈時間。至於有關是否，氣象局預計在明早9時與各縣市視訊討論。 ,2018-07-09 17:15,,影／強颱瑪莉亞海警14:30發布 陸警最快23:30發布,https://udn.com/news/story/7266/3242934
董俞佳,生活,中央氣象局下午2點半解除瑪莉亞的海上與陸上警報。氣象局指出，颱風瑪莉亞現在已經登陸大陸福建，位置在距離馬祖西北西方1700公里左右，現在以每小時28公里速度向西北西行進。氣象局指出，瑪莉亞現在的強度、暴風半徑都減弱，2點半將解除馬祖地區陸上警報，也一併解除所有的海上與陸上警報。 ,2018-07-11 14:28,,氣象局2點半解除颱風海陸警報,https://udn.com/news/story/7266/3246916
李京昇,生活,強颱瑪莉亞加速進逼，中央已經今天下午針對北部、東北部及東南部海面發布海上颱風警報，預計午夜發布陸上颱風警報，桃園市政府稍早7點半，宣布未達停止上班、上課標準，明天10日正常上班上課。桃園市府稍早也成立災害應變中心三級開設，並將在晚上8點提升為二級開設，各區公所同步開設，明天早上8點提升為一級開設，並將由市長主持第一次工作會。 ,2018-07-09 19:36,,強颱瑪莉亞來襲 桃園宣布明天正常上班上課,https://udn.com/news/story/7324/3243205
吳姿賢,生活, 今年第８號強烈瑪莉亞（MARIA）將朝群島方向移動，中央氣象局今天表示，未來路徑變化要視太平洋高壓的強度而定，最快下周一發布海上警報。氣象局說，如果太平洋高壓強度較預期偏強，瑪莉亞會以偏西的角度通過琉球海面南側，離台灣比較近，反之離台灣比較遠，將是接下來的觀察重點。受瑪莉亞颱風影響，明起台灣北部、東半部、恆春半島及馬祖沿海地區有長浪發生的機率，請多留意最新氣象資訊。至於今天的天氣，氣象局表示，西南風減弱，風向轉偏南風，清晨到上午南部有局部短暫陣雨及雷雨，花東也有零星的降雨，其他地區上午大多為多雲到晴的天氣。不過台灣附近水氣偏多，午後各地山區及平地出現雷陣雨的機率都高，也有局部大雨發生的機率，局部地區的降雨有機會持續到入夜之後。北部地區午後雷雨發生的時間會比較早，提醒民眾留意天氣變化；溫度方面，桃園以北及宜花較為悶熱，高溫可以來到34至36度，其他地方約32、33度。下周二前，颱風逐漸接近琉球群島，風場轉為偏東風，迎風面東半部有局部短暫陣雨，其他地區大多為多雲到晴，午後有局部短暫雷陣雨。下周三至下周五颱風通過琉球群島後，南方低壓雲系移進台灣，南部、東南部及東部地區天氣較不穩定，有局部短暫陣雨或雷雨，其他地區大致為多雲到晴，午後有局部短暫雷陣雨。,2018-07-07 09:38,,氣象局：瑪莉亞颱風最快下周一發海警,https://udn.com/news/story/7266/3239419
侯俐安,生活, 強颱瑪莉亞持續接近台灣，天氣風險管理開發公司總經理表示，過去一段時間瑪莉亞移動的速度比較慢，因此剛好趕上太平洋高壓增強的週期，預期將會隨著太平洋高壓西伸，轉偏西移動，中心朝向台灣北部近海到陸地的方向移動。若走這路徑的話，對於台灣的影響將是劇烈的，大家最好趕在假日做好防颱準備。彭啟明表示，按照目前的移動路徑與速度預測，台南嘉義以北有機會進入其七級風暴風圈，新竹以北更有機會進入十級風暴風圈，周一晚間可能發布海上颱風警報，周二上半天發布陸上颱風警報，影響台灣最明顯的時間是周二到周四。周二下半天，北部有些風雨，周三全台都會有風雨，又以北部最明顯，預計周四就會脫離颱風影響。彭啟明提醒，瑪莉亞颱風的路徑，對台灣尤其是北部的威脅很大，一定要做好防颱準備，若有航班安排在周三，則要留意其變化，若有活動安排，也要視風雨狀況取消。彭啟明也在臉書「氣象達人彭啟明」提醒，強颱瑪莉亞除了眼睛大、也吸滿水氣，恐怕不是和藹可親的名字，還伴隨雷公電母一起出巡，「狂暴的來」。彭啟明表示，這幾天看著颱風內部的閃電，有點令人擔心發展動態。彭啟明表示，過去沒看過颱風與閃電發展的研究成果，如今看到這現象，一時之間，還無法解釋颱風某一個象限閃電所代表意義，只能很簡單的說某區域還在發展，可能需要研究颱風的朋友配合天氣風險的資料一起來看，希望這對狂暴的天氣有所助益。 ,2018-07-08 21:57,,伴隨雷公電母 氣象達人：強颱瑪莉亞「狂暴的來」,https://udn.com/news/story/7266/3241600
,生活,襲台，今（11）日許多縣市無大風雨仍正常上班上課，不過上午9點轉自中國沿海登陸後，對福建、浙江造成了重大損害，包括路人被路牌壓死、人車一起被吹走、路燈被強風吹到等災情。不少沿海居民也目擊到高達10多公尺的巨浪，還有一間簡易房也被大風吹到出城主幹道上，風雨威力嚇人。 據《澎湃新聞》報導，從網上流傳的影片畫面中，公路邊有一塊長方形的路牌倒在地上，路牌下方壓著一名身穿黑色褲子的男子。在該被壓人邊上有一名帶傘的女子，和一名穿雨衣的人蹲著哭泣，周邊有幾名群眾。這起事件發生在11日上6點多，當地派出所接獲報案，一名男子經過104國道時，被公路路牌意外壓傷，不幸的是，送醫後仍不治身亡。 中國天氣網報導指出，瑪莉亞颱風登陸時中心附近最大風力有14級（每秒42公尺），中心最低氣壓為960百帕。為有氣象紀錄以來，7月登陸福建的最強颱風。受瑪莉亞颱風帶來的強風雨影響，福建到浙江的高鐵11日已停運，尤其是台州到福州段，溫州、福州等多個機場可能出現較多延誤或取消，12日將恢復通行。除了福建、浙江外，台灣外島也颳起最大陣風12級，還出現海水倒灌、淹沒路面的景象，網路上瘋傳颱風的驚悚畫面，讓民眾們驚呼「馬祖好嚴重」、「這才是真正該放假防颱，躲在家中的縣市鄉鎮！」,2018-07-11 19:17,,瑪莉亞颱風「登陸」 路牌壓死人、路燈爆炸災情慘,https://udn.com/news/story/12347/3247425
吳姿賢,生活,強颱瑪莉亞持續逼近台灣，中央最新預報，瑪莉亞今天將以中度上限或強烈颱風之姿，逐漸通過台灣北部近海，花蓮以北、彰化以北地區今晚開始風力逐漸增強，須做好防颱準備。氣象局預報中心技正黃椿喜表示，瑪莉亞今天早上5時約在宜蘭東方640公里海面，未來持續往北部近海移動機率最大，陸上警戒區域為花蓮以北、彰化以北地區；海上警戒區域為台灣東半部海面、北部海面與台灣海峽等區域。根據最新預測路徑，瑪莉亞預計在今天逐漸通過台灣北部近海，明天進入中國大陸，這段期間強度可能維持或稍微減弱。瑪莉亞通過北部近海時，強度以中度颱風上限或強烈颱風的機率最高，進入中國大陸後，強度才會快速減弱。在瑪莉亞快進入中國大陸時，馬祖地區受到颱風直接侵襲影響，要特別嚴加戒備。黃椿喜表示，颱風靠近台灣過程中，一直到今晚，東北部以及北部地區平均風力增強到7級、陣風10級以上，馬祖風力也會有明顯增強。降雨部分，台北到苗栗山區總雨量估計300到500毫米，台中、南投山區約為200到400毫米，平地部分新北市、桃園雨最大，總雨量約200到400毫米，其他地區也有豪雨。黃椿喜提醒，瑪莉亞移動速度快，因此總累積雨量預估不會非常高，但要注意短時間會有較強的暴雨發生機率。近颱風中心地區會達到較強陣風，若預估平均風達到12級、最大陣風達14級以上，氣象局會針對該區域發布強風警告。 ,2018-07-10 07:33,,瑪莉亞逼近！ 花蓮、彰化以北 今晚開始風力增強,https://udn.com/news/story/7266/3243889
